<?xml version="1.0"?>
<extension>
  <name>PLUGIN_SQUEEZEDSP_DISPLAYNAME</name>
  <description>PLUGIN_SQUEEZEDSP_MODULEDESC</description>
  <module>Plugins::SqueezeDSP::Plugin</module>
  <version>0.1.05e</version>

  <creator>Jonathan Fox (Foxenfurter/Foxesden)</creator>
  <email></email>
  <homepageURL>https://github.com/Foxenfurter?tab=repositories</homepageURL>
        
  <id>85d7af9a-6766-11ed-9022-0242ac120002</id>
  <optionsURL>plugins/SqueezeDSP/index.html</optionsURL>
  <type>2</type>
  <defaultState>enabled</defaultState>

  <targetApplication>
  <id>SqueezeCenter</id>
   <minVersion>7.8.0</minVersion>
   <maxVersion>*</maxVersion>
  </targetApplication>
</extension>
